{
    "Step08": {
        "AP1_amp": {
            "Std": 5.3071694875530255,  

            "Mean": 53.071694875530255
        },  

        "AP2_amp": {
            "Std": 4.778126709534654,  

            "Mean": 47.781267095346536
        },  

        "APlast_amp": {
            "Std": 5.162043345764831,  

            "Mean": 51.6204334576483
        },  

        "AP_amplitude": {
            "Std": 5.141788584249563,  

            "Mean": 51.417885842495636
        },  

        "time_to_first_spike": {
            "Std": 5.4900000000004745,  

            "Mean": 6.100000000000527
        },  

        "time_to_second_spike": {
            "Std": 13.933333333333499,  

            "Mean": 20.900000000000247
        },  

        "time_to_last_spike": {
            "Std": 124.43333333334259,  

            "Mean": 373.30000000002775
        },  

        "AP_rise_time": {
            "Std": 0.13200000000000783,  

            "Mean": 0.6600000000000392
        },  

        "AP_rise_rate": {
            "Std": 19.58950838268703,  

            "Mean": 78.35803353074812
        },  

        "AP_duration": {
            "Std": 0.2580000000000129,  

            "Mean": 2.580000000000129
        },  

        "AP_duration_half_width": {
            "Std": 0.14000000000000654,  

            "Mean": 1.4000000000000654
        },  

        "Spikecount": {
            "Std": 5.5,  

            "Mean": 11.0
        }
    }
}